"country"	"wealth"	"math_score"	"population"	"weight"	"country_mean"	"average_wealth"
"Albania"	-3	390.701973795181	2801681	0.00123833487663103	394.878912080961	-1.2073777173913
"Albania"	1	406.482541102362	2801681	0.00123833487663103	394.878912080961	-1.2073777173913
"Albania"	0	397.324845138427	2801681	0.00123833487663103	394.878912080961	-1.2073777173913
"Albania"	-1	391.785119676113	2801681	0.00123833487663103	394.878912080961	-1.2073777173913
"Albania"	-2	394.276097788385	2801681	0.00123833487663103	394.878912080961	-1.2073777173913
"Argentina"	-3	343.110428724832	41086927	0.0181603025746662	395.635711161137	-0.848239508700102
"Argentina"	1	442.893110282132	41086927	0.0181603025746662	395.635711161137	-0.848239508700102
"Argentina"	0	417.529955909348	41086927	0.0181603025746662	395.635711161137	-0.848239508700102
"Argentina"	-1	391.187793446703	41086927	0.0181603025746662	395.635711161137	-0.848239508700102
"Argentina"	-2	363.952223042304	41086927	0.0181603025746662	395.635711161137	-0.848239508700102
"Australia"	1	505.22432687869	22723900	0.0100438978966827	493.268938765279	0.496489032620922
"Australia"	0	494.969142099057	22723900	0.0100438978966827	493.268938765279	0.496489032620922
"Australia"	-1	470.020620211889	22723900	0.0100438978966827	493.268938765279	0.496489032620922
"Australia"	-2	424.247460123457	22723900	0.0100438978966827	493.268938765279	0.496489032620922
"Australia"	2	502.282268603859	22723900	0.0100438978966827	493.268938765279	0.496489032620922
"Australia"	3	496.672876057348	22723900	0.0100438978966827	493.268938765279	0.496489032620922
"Austria"	1	519.291943726813	8429991	0.0037260315735395	507.778784601472	0.273149439864722
"Austria"	0	506.663111769103	8429991	0.0037260315735395	507.778784601472	0.273149439864722
"Austria"	-1	490.779218082596	8429991	0.0037260315735395	507.778784601472	0.273149439864722
"Austria"	2	519.857196	8429991	0.0037260315735395	507.778784601472	0.273149439864722
"Austria"	3	513.839494857143	8429991	0.0037260315735395	507.778784601472	0.273149439864722
"Belgium"	1	534.652522541899	11128246	0.00491865245812417	519.668409810399	0.120191697048101
"Belgium"	0	523.059110768535	11128246	0.00491865245812417	519.668409810399	0.120191697048101
"Belgium"	-1	500.044861383051	11128246	0.00491865245812417	519.668409810399	0.120191697048101
"Belgium"	-2	448.892298758621	11128246	0.00491865245812417	519.668409810399	0.120191697048101
"Belgium"	2	519.814709910714	11128246	0.00491865245812417	519.668409810399	0.120191697048101
"Brazil"	-3	343.709182416107	198656019	0.0878053842605126	382.547145860237	-1.14973982020095
"Brazil"	1	452.459728195719	198656019	0.0878053842605126	382.547145860237	-1.14973982020095
"Brazil"	0	418.580382981097	198656019	0.0878053842605126	382.547145860237	-1.14973982020095
"Brazil"	-1	383.52962398723	198656019	0.0878053842605126	382.547145860237	-1.14973982020095
"Brazil"	-2	357.343312279578	198656019	0.0878053842605126	382.547145860237	-1.14973982020095
"Brazil"	2	462.737071728395	198656019	0.0878053842605126	382.547145860237	-1.14973982020095
"Brazil"	-4	325.913399206349	198656019	0.0878053842605126	382.547145860237	-1.14973982020095
"Brazil"	-5	331.975389333333	198656019	0.0878053842605126	382.547145860237	-1.14973982020095
"Bulgaria"	1	470.790383527778	7305888	0.00322918130763643	442.46996601666	-0.444635406698565
"Bulgaria"	0	457.773815992602	7305888	0.00322918130763643	442.46996601666	-0.444635406698565
"Bulgaria"	-1	436.301648337685	7305888	0.00322918130763643	442.46996601666	-0.444635406698565
"Bulgaria"	-2	387.328032641975	7305888	0.00322918130763643	442.46996601666	-0.444635406698565
"Canada"	1	516.365890012837	34754312	0.0153613051103664	509.417686551244	0.508481898100009
"Canada"	0	510.101179807996	34754312	0.0153613051103664	509.417686551244	0.508481898100009
"Canada"	-1	500.814325423341	34754312	0.0153613051103664	509.417686551244	0.508481898100009
"Canada"	-2	479.739479715909	34754312	0.0153613051103664	509.417686551244	0.508481898100009
"Canada"	2	519.391679580897	34754312	0.0153613051103664	509.417686551244	0.508481898100009
"Canada"	3	514.469279688716	34754312	0.0153613051103664	509.417686551244	0.508481898100009
"Chile"	-3	360.036283969466	17464814	0.00771939713695954	444.692317803384	-0.263304309327037
"Chile"	1	497.013778280922	17464814	0.00771939713695954	444.692317803384	-0.263304309327037
"Chile"	0	451.544733124736	17464814	0.00771939713695954	444.692317803384	-0.263304309327037
"Chile"	-1	413.746570721103	17464814	0.00771939713695954	444.692317803384	-0.263304309327037
"Chile"	-2	391.259588804071	17464814	0.00771939713695954	444.692317803384	-0.263304309327037
"Chile"	2	517.034188207547	17464814	0.00771939713695954	444.692317803384	-0.263304309327037
"Chile"	3	528.802161801802	17464814	0.00771939713695954	444.692317803384	-0.263304309327037
"China-Shanghai"	-3	513.889569230769	23019148	0.0101743966564115	611.438932988217	-0.776292069632495
"China-Shanghai"	1	636.68190787234	23019148	0.0101743966564115	611.438932988217	-0.776292069632495
"China-Shanghai"	0	633.142512146857	23019148	0.0101743966564115	611.438932988217	-0.776292069632495
"China-Shanghai"	-1	615.355261912494	23019148	0.0101743966564115	611.438932988217	-0.776292069632495
"China-Shanghai"	-2	580.256844833512	23019148	0.0101743966564115	611.438932988217	-0.776292069632495
"Chinese Taipei"	1	574.380441134752	8357000	0.00369376976322627	558.312010459808	-0.471364315352697
"Chinese Taipei"	0	569.491983942029	8357000	0.00369376976322627	558.312010459808	-0.471364315352697
"Chinese Taipei"	-1	554.507108596202	8357000	0.00369376976322627	558.312010459808	-0.471364315352697
"Chinese Taipei"	-2	516.266052235772	8357000	0.00369376976322627	558.312010459808	-0.471364315352697
"Colombia"	-3	347.108581205099	47704427	0.0210852183827492	385.972408566075	-1.40553118040089
"Colombia"	1	455.216973061225	47704427	0.0210852183827492	385.972408566075	-1.40553118040089
"Colombia"	0	423.185235817774	47704427	0.0210852183827492	385.972408566075	-1.40553118040089
"Colombia"	-1	393.945216961009	47704427	0.0210852183827492	385.972408566075	-1.40553118040089
"Colombia"	-2	367.545299185455	47704427	0.0210852183827492	385.972408566075	-1.40553118040089
"Colombia"	-4	326.679808717949	47704427	0.0210852183827492	385.972408566075	-1.40553118040089
"Connecticut (USA)"	1	516.654621318052	3590347	0	501.241329180907	0.693351095322676
"Connecticut (USA)"	0	475.305896648045	3590347	0	501.241329180907	0.693351095322676
"Connecticut (USA)"	-1	445.302948571429	3590347	0	501.241329180907	0.693351095322676
"Connecticut (USA)"	2	535.702603229167	3590347	0	501.241329180907	0.693351095322676
"Connecticut (USA)"	3	551.75661009009	3590347	0	501.241329180907	0.693351095322676
"Costa Rica"	-3	366.642557777778	4805295	0.0021239264537971	405.973594615385	-1.34538444444444
"Costa Rica"	1	457.010438823529	4805295	0.0021239264537971	405.973594615385	-1.34538444444444
"Costa Rica"	0	439.15181286802	4805295	0.0021239264537971	405.973594615385	-1.34538444444444
"Costa Rica"	-1	414.650356668629	4805295	0.0021239264537971	405.973594615385	-1.34538444444444
"Costa Rica"	-2	386.10669374359	4805295	0.0021239264537971	405.973594615385	-1.34538444444444
"Costa Rica"	-4	361.783917108434	4805295	0.0021239264537971	405.973594615385	-1.34538444444444
"Costa Rica"	-5	339.461689090909	4805295	0.0021239264537971	405.973594615385	-1.34538444444444
"Croatia"	1	479.423397695035	4267558	0.00188624825932923	469.975718989617	-0.448698959167334
"Croatia"	0	476.053318088368	4267558	0.00188624825932923	469.975718989617	-0.448698959167334
"Croatia"	-1	465.060195704339	4267558	0.00188624825932923	469.975718989617	-0.448698959167334
"Croatia"	-2	441.769497152778	4267558	0.00188624825932923	469.975718989617	-0.448698959167334
"Czech Republic"	1	531.7469447793	10510785	0.00464573648686996	520.061285023465	-0.189319638145496
"Czech Republic"	0	524.774149842062	10510785	0.00464573648686996	520.061285023465	-0.189319638145496
"Czech Republic"	-1	513.059814698413	10510785	0.00464573648686996	520.061285023465	-0.189319638145496
"Czech Republic"	-2	473.876288928571	10510785	0.00464573648686996	520.061285023465	-0.189319638145496
"Czech Republic"	2	530.510170597015	10510785	0.00464573648686996	520.061285023465	-0.189319638145496
"Denmark"	1	505.633531667801	5591572	0.00247145860745515	486.241284052934	0.195567428648722
"Denmark"	0	491.001410304601	5591572	0.00247145860745515	486.241284052934	0.195567428648722
"Denmark"	-1	450.007081185771	5591572	0.00247145860745515	486.241284052934	0.195567428648722
"Denmark"	2	494.92592686747	5591572	0.00247145860745515	486.241284052934	0.195567428648722
"Estonia"	1	531.290169572954	1325016	0.000585653229219938	522.340803486085	-0.177426160337553
"Estonia"	0	522.178159514942	1325016	0.000585653229219938	522.340803486085	-0.177426160337553
"Estonia"	-1	521.895042542912	1325016	0.000585653229219938	522.340803486085	-0.177426160337553
"Estonia"	-2	505.427532696629	1325016	0.000585653229219938	522.340803486085	-0.177426160337553
"Estonia"	2	536.098244146341	1325016	0.000585653229219938	522.340803486085	-0.177426160337553
"Finland"	1	516.761110810552	5413971	0.00239295948052937	507.325876185298	0.211618404486666
"Finland"	0	509.497106962656	5413971	0.00239295948052937	507.325876185298	0.211618404486666
"Finland"	-1	493.879194587156	5413971	0.00239295948052937	507.325876185298	0.211618404486666
"Finland"	2	521.136119640719	5413971	0.00239295948052937	507.325876185298	0.211618404486666
"Finland"	3	515.84846989011	5413971	0.00239295948052937	507.325876185298	0.211618404486666
"Florida (USA)"	1	483.522903157895	19057542	0	464.534908449367	0.480307040762308
"Florida (USA)"	0	447.709393402367	19057542	0	464.534908449367	0.480307040762308
"Florida (USA)"	-1	423.035331133005	19057542	0	464.534908449367	0.480307040762308
"Florida (USA)"	-2	413.670356888889	19057542	0	464.534908449367	0.480307040762308
"Florida (USA)"	2	500.621086506024	19057542	0	464.534908449367	0.480307040762308
"Florida (USA)"	3	509.44767	19057542	0	464.534908449367	0.480307040762308
"France"	1	515.95790479103	65676758	0.0290289365618199	498.375870396705	0.150354547456507
"France"	0	500.719608258333	65676758	0.0290289365618199	498.375870396705	0.150354547456507
"France"	-1	480.736078590909	65676758	0.0290289365618199	498.375870396705	0.150354547456507
"France"	2	513.895131190476	65676758	0.0290289365618199	498.375870396705	0.150354547456507
"Germany"	1	526.290105154639	80425823	0.0355479805169305	513.873842939412	0.203190386427898
"Germany"	0	523.937157801418	80425823	0.0355479805169305	513.873842939412	0.203190386427898
"Germany"	-1	495.724380219479	80425823	0.0355479805169305	513.873842939412	0.203190386427898
"Germany"	2	528.7357844	80425823	0.0355479805169305	513.873842939412	0.203190386427898
"Greece"	1	466.728997467456	11092771	0.00490297261100793	453.514353319024	-0.252643137254902
"Greece"	0	460.092402297762	11092771	0.00490297261100793	453.514353319024	-0.252643137254902
"Greece"	-1	441.851515715178	11092771	0.00490297261100793	453.514353319024	-0.252643137254902
"Greece"	-2	421.007046730769	11092771	0.00490297261100793	453.514353319024	-0.252643137254902
"Greece"	2	485.03174025	11092771	0.00490297261100793	453.514353319024	-0.252643137254902
"Hong Kong-China"	1	591.198918378378	7155000	0.00316248924923824	561.052123100642	-0.9626381305962
"Hong Kong-China"	0	574.911884711632	7155000	0.00316248924923824	561.052123100642	-0.9626381305962
"Hong Kong-China"	-1	562.105677263242	7155000	0.00316248924923824	561.052123100642	-0.9626381305962
"Hong Kong-China"	-2	548.195433208791	7155000	0.00316248924923824	561.052123100642	-0.9626381305962
"Hungary"	1	503.400465974026	9920362	0.00438477123320078	484.869389222453	-0.514494122586062
"Hungary"	0	495.5792404811	9920362	0.00438477123320078	484.869389222453	-0.514494122586062
"Hungary"	-1	480.958443755187	9920362	0.00438477123320078	484.869389222453	-0.514494122586062
"Hungary"	-2	449.048781683673	9920362	0.00438477123320078	484.869389222453	-0.514494122586062
"Iceland"	1	495.369241120507	320716	0.000141755541867043	492.927206966933	0.430474934036939
"Iceland"	0	495.594017641671	320716	0.000141755541867043	492.927206966933	0.430474934036939
"Iceland"	-1	499.431529078947	320716	0.000141755541867043	492.927206966933	0.430474934036939
"Iceland"	2	490.267142689076	320716	0.000141755541867043	492.927206966933	0.430474934036939
"Indonesia"	-3	363.201324033832	246864191	0.109113256472312	375.621968271078	-2.40506683300659
"Indonesia"	0	427.887245381526	246864191	0.109113256472312	375.621968271078	-2.40506683300659
"Indonesia"	-1	398.789227620222	246864191	0.109113256472312	375.621968271078	-2.40506683300659
"Indonesia"	-2	376.404707394057	246864191	0.109113256472312	375.621968271078	-2.40506683300659
"Indonesia"	-4	359.416655436409	246864191	0.109113256472312	375.621968271078	-2.40506683300659
"Indonesia"	-6	348.435123853211	246864191	0.109113256472312	375.621968271078	-2.40506683300659
"Ireland"	1	513.250118635057	4586897	0.00202739517118982	501.274866846092	0.452501504513541
"Ireland"	0	497.108461533277	4586897	0.00202739517118982	501.274866846092	0.452501504513541
"Ireland"	-1	480.589263602058	4586897	0.00202739517118982	501.274866846092	0.452501504513541
"Ireland"	2	513.35545154334	4586897	0.00202739517118982	501.274866846092	0.452501504513541
"Ireland"	3	517.180277553957	4586897	0.00202739517118982	501.274866846092	0.452501504513541
"Israel"	1	488.972592802548	7910500	0.00349641805815501	468.545924589515	-0.121008574928542
"Israel"	0	476.001005390909	7910500	0.00349641805815501	468.545924589515	-0.121008574928542
"Israel"	-1	452.960899578736	7910500	0.00349641805815501	468.545924589515	-0.121008574928542
"Israel"	-2	438.126739069767	7910500	0.00349641805815501	468.545924589515	-0.121008574928542
"Israel"	2	487.787752331606	7910500	0.00349641805815501	468.545924589515	-0.121008574928542
"Italy"	1	504.2375561459	59539717	0.0263163822383211	492.058400023171	0.0953059508408797
"Italy"	0	493.826823761255	59539717	0.0263163822383211	492.058400023171	0.0953059508408797
"Italy"	-1	475.181314943705	59539717	0.0263163822383211	492.058400023171	0.0953059508408797
"Italy"	-2	434.638979714286	59539717	0.0263163822383211	492.058400023171	0.0953059508408797
"Italy"	2	505.237115772727	59539717	0.0263163822383211	492.058400023171	0.0953059508408797
"Italy"	3	501.634340769231	59539717	0.0263163822383211	492.058400023171	0.0953059508408797
"Japan"	1	546.228964329004	127561489	0.0563818081871869	535.925247545268	-0.278981614708233
"Japan"	0	541.2943686357	127561489	0.0563818081871869	535.925247545268	-0.278981614708233
"Japan"	-1	533.036716411418	127561489	0.0563818081871869	535.925247545268	-0.278981614708233
"Japan"	-2	495.26557238806	127561489	0.0563818081871869	535.925247545268	-0.278981614708233
"Jordan"	-3	352.393136390533	6318000	0.00279253767668584	382.739076513214	-0.929410329985653
"Jordan"	1	410.162507108434	6318000	0.00279253767668584	382.739076513214	-0.929410329985653
"Jordan"	0	392.065376058824	6318000	0.00279253767668584	382.739076513214	-0.929410329985653
"Jordan"	-1	388.679010445511	6318000	0.00279253767668584	382.739076513214	-0.929410329985653
"Jordan"	-2	370.315520739348	6318000	0.00279253767668584	382.739076513214	-0.929410329985653
"Jordan"	2	383.766076888889	6318000	0.00279253767668584	382.739076513214	-0.929410329985653
"Jordan"	-4	332.272580769231	6318000	0.00279253767668584	382.739076513214	-0.929410329985653
"Kazakhstan"	-3	397.965951540984	16791425	0.00742176115190639	431.181953168044	-1.34890267011197
"Kazakhstan"	1	442.86284	16791425	0.00742176115190639	431.181953168044	-1.34890267011197
"Kazakhstan"	0	455.145351323004	16791425	0.00742176115190639	431.181953168044	-1.34890267011197
"Kazakhstan"	-1	441.230596681695	16791425	0.00742176115190639	431.181953168044	-1.34890267011197
"Kazakhstan"	-2	421.27897651	16791425	0.00742176115190639	431.181953168044	-1.34890267011197
"Kazakhstan"	-4	388.075966923077	16791425	0.00742176115190639	431.181953168044	-1.34890267011197
"Korea"	0	567.31085698727	50219669	0.0221969480521038	553.752033665806	-0.697542254921456
"Korea"	-1	552.562988198228	50219669	0.0221969480521038	553.752033665806	-0.697542254921456
"Korea"	-2	520.901741290323	50219669	0.0221969480521038	553.752033665806	-0.697542254921456
"Latvia"	1	518.761838913043	2013385	0.000889910330828447	495.53846758941	-0.479471563981043
"Latvia"	0	504.284991568506	2013385	0.000889910330828447	495.53846758941	-0.479471563981043
"Latvia"	-1	490.47449361809	2013385	0.000889910330828447	495.53846758941	-0.479471563981043
"Latvia"	-2	454.531889411765	2013385	0.000889910330828447	495.53846758941	-0.479471563981043
"Latvia"	2	526.081427333333	2013385	0.000889910330828447	495.53846758941	-0.479471563981043
"Liechtenstein"	1	548.591126534653	36925	1.63207429109884e-05	538.88660778157	0.541393728222996
"Liechtenstein"	0	547.936638787879	36925	1.63207429109884e-05	538.88660778157	0.541393728222996
"Lithuania"	1	494.953107895717	2956121	0.0013065969087278	479.24011379385	-0.364494894633934
"Lithuania"	0	487.854371162791	2956121	0.0013065969087278	479.24011379385	-0.364494894633934
"Lithuania"	-1	470.400108709056	2956121	0.0013065969087278	479.24011379385	-0.364494894633934
"Lithuania"	-2	432.356624754717	2956121	0.0013065969087278	479.24011379385	-0.364494894633934
"Luxembourg"	1	504.474849322176	543202	0.000240093708618408	490.483789239254	0.271316392816202
"Luxembourg"	0	492.013019938838	543202	0.000240093708618408	490.483789239254	0.271316392816202
"Luxembourg"	-1	469.527026265356	543202	0.000240093708618408	490.483789239254	0.271316392816202
"Luxembourg"	2	493.335568405797	543202	0.000240093708618408	490.483789239254	0.271316392816202
"Luxembourg"	3	495.250742322581	543202	0.000240093708618408	490.483789239254	0.271316392816202
"Macao-China"	1	539.306259656357	556783	0.000246096471231113	538.319791463918	-0.529010534236268
"Macao-China"	0	543.064862812106	556783	0.000246096471231113	538.319791463918	-0.529010534236268
"Macao-China"	-1	539.554509389458	556783	0.000246096471231113	538.319791463918	-0.529010534236268
"Macao-China"	-2	529.071497793765	556783	0.000246096471231113	538.319791463918	-0.529010534236268
"Malaysia"	-3	383.491557542998	29239927	0.0129239629330553	421.965697944968	-1.02899420849421
"Malaysia"	1	476.115036600791	29239927	0.0129239629330553	421.965697944968	-1.02899420849421
"Malaysia"	0	453.218883527482	29239927	0.0129239629330553	421.965697944968	-1.02899420849421
"Malaysia"	-1	417.849241813445	29239927	0.0129239629330553	421.965697944968	-1.02899420849421
"Malaysia"	-2	397.688134328358	29239927	0.0129239629330553	421.965697944968	-1.02899420849421
"Massachusetts (USA)"	1	524.5987928	6745408	0	506.485719129425	0.513071553228621
"Massachusetts (USA)"	0	493.082762262895	6745408	0	506.485719129425	0.513071553228621
"Massachusetts (USA)"	-1	452.238861556886	6745408	0	506.485719129425	0.513071553228621
"Massachusetts (USA)"	2	535.68191	6745408	0	506.485719129425	0.513071553228621
"Mexico"	-3	397.570462742074	120847477	0.0534142343550057	418.600009092469	-1.3265888073504
"Mexico"	1	455.921325098259	120847477	0.0534142343550057	418.600009092469	-1.3265888073504
"Mexico"	0	438.531946186186	120847477	0.0534142343550057	418.600009092469	-1.3265888073504
"Mexico"	-1	421.53545944184	120847477	0.0534142343550057	418.600009092469	-1.3265888073504
"Mexico"	-2	409.396076584515	120847477	0.0534142343550057	418.600009092469	-1.3265888073504
"Mexico"	2	459.104518381743	120847477	0.0534142343550057	418.600009092469	-1.3265888073504
"Mexico"	-4	384.50905038835	120847477	0.0534142343550057	418.600009092469	-1.3265888073504
"Mexico"	3	465.751442075472	120847477	0.0534142343550057	418.600009092469	-1.3265888073504
"Mexico"	-5	377.607545525847	120847477	0.0534142343550057	418.600009092469	-1.3265888073504
"Montenegro"	1	416.844184063325	621081	0.000274516000755575	406.728295851602	-0.444644226672348
"Montenegro"	0	414.394504438976	621081	0.000274516000755575	406.728295851602	-0.444644226672348
"Montenegro"	-1	401.951307076923	621081	0.000274516000755575	406.728295851602	-0.444644226672348
"Montenegro"	-2	388.113328565121	621081	0.000274516000755575	406.728295851602	-0.444644226672348
"Netherlands"	1	527.030238208049	16754962	0.00740564461165552	518.539795995516	0.229815950920245
"Netherlands"	0	520.016306950192	16754962	0.00740564461165552	518.539795995516	0.229815950920245
"Netherlands"	-1	490.672117459459	16754962	0.00740564461165552	518.539795995516	0.229815950920245
"New Zealand"	1	514.954961640736	4433000	0.00195937314351826	500.83229025402	0.176024638711206
"New Zealand"	0	504.400246532206	4433000	0.00195937314351826	500.83229025402	0.176024638711206
"New Zealand"	-1	479.178552459016	4433000	0.00195937314351826	500.83229025402	0.176024638711206
"New Zealand"	2	523.027740361446	4433000	0.00195937314351826	500.83229025402	0.176024638711206
"Norway"	1	491.823721599334	5018573	0.00221819471125329	489.347681498079	0.693210171701804
"Norway"	0	496.296582082153	5018573	0.00221819471125329	489.347681498079	0.693210171701804
"Norway"	-1	485.101880068965	5018573	0.00221819471125329	489.347681498079	0.693210171701804
"Norway"	2	476.82389884058	5018573	0.00221819471125329	489.347681498079	0.693210171701804
"Norway"	3	460.194641212121	5018573	0.00221819471125329	489.347681498079	0.693210171701804
"Perm(Russian Federation)"	0	495.381260425532	2635276	0	485.844971527541	-0.835561253561254
"Perm(Russian Federation)"	-1	484.05076026936	2635276	0	485.844971527541	-0.835561253561254
"Perm(Russian Federation)"	-2	473.404241272727	2635276	0	485.844971527541	-0.835561253561254
"Peru"	-3	330.596963252595	29987800	0.0132545206300918	367.859676112676	-1.75203709893048
"Peru"	1	452.872212653061	29987800	0.0132545206300918	367.859676112676	-1.75203709893048
"Peru"	0	424.516759717425	29987800	0.0132545206300918	367.859676112676	-1.75203709893048
"Peru"	-1	388.951073035382	29987800	0.0132545206300918	367.859676112676	-1.75203709893048
"Peru"	-2	354.064889501526	29987800	0.0132545206300918	367.859676112676	-1.75203709893048
"Peru"	-4	315.993057245283	29987800	0.0132545206300918	367.859676112676	-1.75203709893048
"Peru"	-5	314.450708080808	29987800	0.0132545206300918	367.859676112676	-1.75203709893048
"Poland"	1	543.887756793103	38535873	0.0170327441051726	520.522589377035	-0.176304774362328
"Poland"	0	528.177974056378	38535873	0.0170327441051726	520.522589377035	-0.176304774362328
"Poland"	-1	503.566880690979	38535873	0.0170327441051726	520.522589377035	-0.176304774362328
"Poland"	-2	482.003755308642	38535873	0.0170327441051726	520.522589377035	-0.176304774362328
"Poland"	2	537.670402857143	38535873	0.0170327441051726	520.522589377035	-0.176304774362328
"Portugal"	1	511.31815049505	10514844	0.00464753055309814	485.133390454387	0.236051045728465
"Portugal"	0	479.429245092667	10514844	0.00464753055309814	485.133390454387	0.236051045728465
"Portugal"	-1	450.93286059293	10514844	0.00464753055309814	485.133390454387	0.236051045728465
"Portugal"	-2	422.252585901639	10514844	0.00464753055309814	485.133390454387	0.236051045728465
"Portugal"	2	531.246953629032	10514844	0.00464753055309814	485.133390454387	0.236051045728465
"Portugal"	3	503.767009130435	10514844	0.00464753055309814	485.133390454387	0.236051045728465
"Qatar"	1	386.374728493151	2050514	0.000906321241147799	376.339231973372	0.843553563001416
"Qatar"	0	401.026672191988	2050514	0.000906321241147799	376.339231973372	0.843553563001416
"Qatar"	-1	386.761580895753	2050514	0.000906321241147799	376.339231973372	0.843553563001416
"Qatar"	-2	363.615476742081	2050514	0.000906321241147799	376.339231973372	0.843553563001416
"Qatar"	2	362.338911555556	2050514	0.000906321241147799	376.339231973372	0.843553563001416
"Qatar"	3	348.696436171875	2050514	0.000906321241147799	376.339231973372	0.843553563001416
"Romania"	-3	398.816880888889	20076727	0.00887385510795124	445.089009594009	-0.920084913112164
"Romania"	1	485.010159784173	20076727	0.00887385510795124	445.089009594009	-0.920084913112164
"Romania"	0	465.107304254682	20076727	0.00887385510795124	445.089009594009	-0.920084913112164
"Romania"	-1	443.466086719603	20076727	0.00887385510795124	445.089009594009	-0.920084913112164
"Romania"	-2	424.38237466902	20076727	0.00887385510795124	445.089009594009	-0.920084913112164
"Russian Federation"	1	497.740834047619	143178000	0.0632842607585511	482.965169183712	-0.719343725943033
"Russian Federation"	0	490.774552008479	143178000	0.0632842607585511	482.965169183712	-0.719343725943033
"Russian Federation"	-1	481.850888329863	143178000	0.0632842607585511	482.965169183712	-0.719343725943033
"Russian Federation"	-2	462.30339993007	143178000	0.0632842607585511	482.965169183712	-0.719343725943033
"Serbia"	1	461.335555301724	7199077	0.00318197115540717	447.457095153715	-0.499844391614437
"Serbia"	0	454.809918235943	7199077	0.00318197115540717	447.457095153715	-0.499844391614437
"Serbia"	-1	444.332486205016	7199077	0.00318197115540717	447.457095153715	-0.499844391614437
"Serbia"	-2	427.311561336406	7199077	0.00318197115540717	447.457095153715	-0.499844391614437
"Singapore"	1	601.314364657534	5312400	0.00234806539310318	568.546974013704	-0.38652496382055
"Singapore"	0	576.740500811881	5312400	0.00234806539310318	568.546974013704	-0.38652496382055
"Singapore"	-1	559.11734717844	5312400	0.00234806539310318	568.546974013704	-0.38652496382055
"Singapore"	-2	518.370478362989	5312400	0.00234806539310318	568.546974013704	-0.38652496382055
"Slovak Republic"	1	507.416513584906	5407579	0.00239013423506729	485.668478430953	-0.393878827080638
"Slovak Republic"	0	502.565789468798	5407579	0.00239013423506729	485.668478430953	-0.393878827080638
"Slovak Republic"	-1	478.813868264209	5407579	0.00239013423506729	485.668478430953	-0.393878827080638
"Slovak Republic"	-2	402.386804836066	5407579	0.00239013423506729	485.668478430953	-0.393878827080638
"Slovenia"	1	492.164548580184	2057159	0.000909258311876127	484.527252251734	0.236315250767656
"Slovenia"	0	487.152312063492	2057159	0.000909258311876127	484.527252251734	0.236315250767656
"Slovenia"	-1	469.543410542373	2057159	0.000909258311876127	484.527252251734	0.236315250767656
"Slovenia"	2	487.399854672131	2057159	0.000909258311876127	484.527252251734	0.236315250767656
"Slovenia"	3	485.880111546392	2057159	0.000909258311876127	484.527252251734	0.236315250767656
"Spain"	1	503.581951068947	46761264	0.0206683430720882	495.437849883459	-0.0178642865681157
"Spain"	0	500.70126591522	46761264	0.0206683430720882	495.437849883459	-0.0178642865681157
"Spain"	-1	485.589171043864	46761264	0.0206683430720882	495.437849883459	-0.0178642865681157
"Spain"	-2	443.038338186398	46761264	0.0206683430720882	495.437849883459	-0.0178642865681157
"Spain"	2	506.146351988555	46761264	0.0206683430720882	495.437849883459	-0.0178642865681157
"Spain"	3	487.88284704	46761264	0.0206683430720882	495.437849883459	-0.0178642865681157
"Sweden"	1	487.418449411765	9519374	0.00420753570013669	479.237015650338	0.400378331900258
"Sweden"	0	485.812311483088	9519374	0.00420753570013669	479.237015650338	0.400378331900258
"Sweden"	-1	452.078143982301	9519374	0.00420753570013669	479.237015650338	0.400378331900258
"Sweden"	2	480.20032255102	9519374	0.00420753570013669	479.237015650338	0.400378331900258
"Switzerland"	1	526.469042752486	7996861	0.00353458936969288	520.968090006234	0.0578923766816144
"Switzerland"	0	528.201995895581	7996861	0.00353458936969288	520.968090006234	0.0578923766816144
"Switzerland"	-1	502.73106432247	7996861	0.00353458936969288	520.968090006234	0.0578923766816144
"Switzerland"	-2	447.177909	7996861	0.00353458936969288	520.968090006234	0.0578923766816144
"Switzerland"	2	517.313727652733	7996861	0.00353458936969288	520.968090006234	0.0578923766816144
"Switzerland"	3	512.36672304	7996861	0.00353458936969288	520.968090006234	0.0578923766816144
"Thailand"	-3	406.090075229358	66785001	0.0295187767537198	441.416004504995	-1.06041976056978
"Thailand"	1	521.753778272727	66785001	0.0295187767537198	441.416004504995	-1.06041976056978
"Thailand"	0	476.606078119543	66785001	0.0295187767537198	441.416004504995	-1.06041976056978
"Thailand"	-1	430.043287465241	66785001	0.0295187767537198	441.416004504995	-1.06041976056978
"Thailand"	-2	414.765057278415	66785001	0.0295187767537198	441.416004504995	-1.06041976056978
"Thailand"	2	517.037065210084	66785001	0.0295187767537198	441.416004504995	-1.06041976056978
"Thailand"	-4	398.519442222222	66785001	0.0295187767537198	441.416004504995	-1.06041976056978
"Tunisia"	-3	364.748567829181	10777500	0.00476362374334943	387.434260117994	-1.73793024323084
"Tunisia"	1	443.932825753425	10777500	0.00476362374334943	387.434260117994	-1.73793024323084
"Tunisia"	0	422.763556423611	10777500	0.00476362374334943	387.434260117994	-1.73793024323084
"Tunisia"	-1	401.399246270627	10777500	0.00476362374334943	387.434260117994	-1.73793024323084
"Tunisia"	-2	378.277738801444	10777500	0.00476362374334943	387.434260117994	-1.73793024323084
"Tunisia"	-4	349.760182424242	10777500	0.00476362374334943	387.434260117994	-1.73793024323084
"Tunisia"	-5	343.645678550725	10777500	0.00476362374334943	387.434260117994	-1.73793024323084
"Turkey"	-3	409.416886425703	73997128	0.0327065159712797	449.371290882838	-1.5432502596054
"Turkey"	0	495.902993759398	73997128	0.0327065159712797	449.371290882838	-1.5432502596054
"Turkey"	-1	464.992734881188	73997128	0.0327065159712797	449.371290882838	-1.5432502596054
"Turkey"	-2	432.62954002623	73997128	0.0327065159712797	449.371290882838	-1.5432502596054
"Turkey"	-4	388.040573587786	73997128	0.0327065159712797	449.371290882838	-1.5432502596054
"Turkey"	-5	367.606641702128	73997128	0.0327065159712797	449.371290882838	-1.5432502596054
"United Arab Emirates"	-3	361.486733777778	9205651	0.00406887104398872	431.362653193043	0.577769695907458
"United Arab Emirates"	1	434.503591728899	9205651	0.00406887104398872	431.362653193043	0.577769695907458
"United Arab Emirates"	0	441.660584048377	9205651	0.00406887104398872	431.362653193043	0.577769695907458
"United Arab Emirates"	-1	433.759762849924	9205651	0.00406887104398872	431.362653193043	0.577769695907458
"United Arab Emirates"	-2	402.924850927487	9205651	0.00406887104398872	431.362653193043	0.577769695907458
"United Arab Emirates"	2	425.585101661538	9205651	0.00406887104398872	431.362653193043	0.577769695907458
"United Arab Emirates"	3	418.461272385082	9205651	0.00406887104398872	431.362653193043	0.577769695907458
"United Kingdom"	1	499.183958719255	63695687	0.0281533089252752	489.724626280117	0.32740746649649
"United Kingdom"	0	485.273511603573	63695687	0.0281533089252752	489.724626280117	0.32740746649649
"United Kingdom"	-1	481.051535166976	63695687	0.0281533089252752	489.724626280117	0.32740746649649
"United Kingdom"	-2	443.229538787879	63695687	0.0281533089252752	489.724626280117	0.32740746649649
"United Kingdom"	2	502.077866291834	63695687	0.0281533089252752	489.724626280117	0.32740746649649
"United Kingdom"	3	502.860555360502	63695687	0.0281533089252752	489.724626280117	0.32740746649649
"United States of America"	1	495.18251626889	284480388	0.125739506452708	481.694401378064	0.536442463533225
"United States of America"	0	470.065743640662	284480388	0.125739506452708	481.694401378064	0.536442463533225
"United States of America"	-1	444.230351586998	284480388	0.125739506452708	481.694401378064	0.536442463533225
"United States of America"	-2	431.544554712644	284480388	0.125739506452708	481.694401378064	0.536442463533225
"United States of America"	2	513.932232860125	284480388	0.125739506452708	481.694401378064	0.536442463533225
"United States of America"	3	507.412776347826	284480388	0.125739506452708	481.694401378064	0.536442463533225
"Uruguay"	-3	347.987602702703	3395253	0.00150069197916756	410.995088161806	-0.723930131004367
"Uruguay"	1	471.394576604938	3395253	0.00150069197916756	410.995088161806	-0.723930131004367
"Uruguay"	0	433.564199382369	3395253	0.00150069197916756	410.995088161806	-0.723930131004367
"Uruguay"	-1	396.979706009808	3395253	0.00150069197916756	410.995088161806	-0.723930131004367
"Uruguay"	-2	376.962801580311	3395253	0.00150069197916756	410.995088161806	-0.723930131004367
"Vietnam"	-3	489.247159312039	88772900	0.0392373643429352	510.724235156282	-2.13778136345301
"Vietnam"	1	550.528535853659	88772900	0.0392373643429352	510.724235156282	-2.13778136345301
"Vietnam"	0	562.397323021583	88772900	0.0392373643429352	510.724235156282	-2.13778136345301
"Vietnam"	-1	539.725535535098	88772900	0.0392373643429352	510.724235156282	-2.13778136345301
"Vietnam"	-2	509.590867436297	88772900	0.0392373643429352	510.724235156282	-2.13778136345301
"Vietnam"	-4	486.692785606469	88772900	0.0392373643429352	510.724235156282	-2.13778136345301
"Vietnam"	-5	481.549984903226	88772900	0.0392373643429352	510.724235156282	-2.13778136345301
"Mean"	1	497.508043198348	1920770593	0.837124251612133	459.761592085859	-0.337009968786293
"Mean"	0	478.325734461561	2294486857	1	459.761592085859	-0.337009968786293
"Mean"	-1	455.236608064789	2294449932	0.999983907077137	459.761592085859	-0.337009968786293
"Mean"	-2	428.520236362797	2075342179	0.904490767802206	459.761592085859	-0.337009968786293
"Mean"	2	493.925060971288	1255721358	0.547277642567033	459.761592085859	-0.337009968786293
